{
  "n_samples": 14543,
  "n_train": 11633,
  "n_test": 2910,
  "class_distribution": {
    "count": {
      "0": 9882,
      "1": 4661
    },
    "ratio": {
      "0": 0.6795,
      "1": 0.3205
    }
  },
  "regression_mae": 3.096331,
  "accuracy": 0.9519,
  "precision": 0.9219,
  "recall": 0.9298,
  "f1": 0.9258,
  "roc_auc": 0.9908,
  "confusion_matrix": [
    [
      1896,
      74
    ],
    [
      66,
      874
    ]
  ],
  "classification_report": {
    "0": {
      "precision": 0.9663608562691132,
      "recall": 0.9624365482233502,
      "f1-score": 0.9643947100712106,
      "support": 1970.0
    },
    "1": {
      "precision": 0.9219409282700421,
      "recall": 0.9297872340425531,
      "f1-score": 0.9258474576271186,
      "support": 940.0
    },
    "accuracy": 0.9518900343642611,
    "macro avg": {
      "precision": 0.9441508922695776,
      "recall": 0.9461118911329517,
      "f1-score": 0.9451210838491646,
      "support": 2910.0
    },
    "weighted avg": {
      "precision": 0.9520121510048084,
      "recall": 0.9518900343642611,
      "f1-score": 0.9519430202782736,
      "support": 2910.0
    }
  },
  "feature_importances": {
    "plant_id": 0.21002,
    "eff_irr_kw_per_wm2": 0.16455,
    "temp_ambient_c": 0.13279,
    "power_residual_kw": 0.13217,
    "ac_dc_ratio": 0.08486,
    "abs_residual_kw": 0.06449,
    "temp_module_c": 0.04579,
    "temp_delta_c": 0.04016,
    "expected_power_ac_kw": 0.03452,
    "irradiance_wm2": 0.03276,
    "delta_power_ac_kw": 0.01659,
    "delta_irr_wm2": 0.01424,
    "delta_temp_module_c": 0.0128,
    "hour": 0.01083,
    "minute": 0.00344
  }
}